{
"HMDB0000765": 0.2891017294,
"HMDB0000019":0.0003102681999999999,
"HMDB0001206":0.1516516432
}